Id,Title,Release Date,Old Price,Discount,New Price,Platforms,Positive Ratings,Reviews Count,IMAGE,owner,arranger_id
1,Counter-Strike: Global Offensive,"21 Aug, 2012",Free to Play,0,Free to Play,"['win', 'mac', 'linux']",88,6433793,https://cdn.cloudflare.steamstatic.com/steam/apps/730/capsule_sm_120.jpg?t=1641233427
2,V Rising,"17 May, 2022",10.49,0,10.49,['win'],88,24991,https://cdn.cloudflare.steamstatic.com/steam/apps/1604030/capsule_sm_120.jpg?t=1653053023
3,Apex Legends™,"4 Nov, 2020",Free to Play,0,Free to Play,['win'],86,460183,https://cdn.cloudflare.steamstatic.com/steam/apps/1172470/capsule_sm_120.jpg?t=1653320846
4,Sea of Thieves,"3 Jun, 2020",18.49,50,9.24,['win'],90,188882,https://cdn.cloudflare.steamstatic.com/steam/apps/1172620/capsule_sm_120.jpg?t=1653607222
5,Destiny 2,"1 Oct, 2019",Free To Play,0,Free To Play,['win'],84,470555,https://cdn.cloudflare.steamstatic.com/steam/apps/1085660/capsule_sm_120.jpg?t=1653420922
6,Stray,"July 19, 2022",14.99,10,13.49,['win'],None,None,https://cdn.cloudflare.steamstatic.com/steam/apps/1332010/capsule_sm_120.jpg?t=1654225156
7,PUBG: BATTLEGROUNDS,"21 Dec, 2017",Free to Play,0,Free to Play,['win'],56,2027251,https://cdn.cloudflare.steamstatic.com/steam/apps/578080/capsule_sm_120.jpg?t=1649663090
8,DOOM Eternal,"19 Mar, 2020",24.99,67,8.24,['win'],91,134217,https://cdn.cloudflare.steamstatic.com/steam/apps/782330/capsule_sm_120.jpg?t=1639072952
9,Grand Theft Auto V,"13 Apr, 2015",,0,,['win'],84,1217879,https://cdn.cloudflare.steamstatic.com/steam/apps/271590/capsule_sm_120.jpg?t=1618856444
10,ELDEN RING,"24 Feb, 2022",34.99,0,34.99,['win'],90,374144,https://cdn.cloudflare.steamstatic.com/steam/apps/1245620/capsule_sm_120.jpg?t=1654259241
11,War Thunder,"15 Aug, 2013",Free to Play,0,Free to Play,"['win', 'mac', 'linux']",78,302140,https://cdn.cloudflare.steamstatic.com/steam/apps/236390/capsule_sm_120.jpg?t=1653649447
12,Risk of Rain 2,"11 Aug, 2020",12.49,50,6.24,['win'],96,134145,https://cdn.cloudflare.steamstatic.com/steam/apps/632360/capsule_sm_120.jpg?t=1651512438
13,Rust,"8 Feb, 2018",19.99,0,19.99,"['win', 'mac']",87,636511,https://cdn.cloudflare.steamstatic.com/steam/apps/252490/capsule_sm_120.jpg?t=1645133322
14,It Takes Two,"25 Mar, 2021",39.99,50,19.99,['win'],96,75986,https://cdn.cloudflare.steamstatic.com/steam/apps/1426210/capsule_sm_120.jpg?t=1643015238
15,The Elder Scrolls® Online,"22 May, 2017",19.99,0,19.99,"['win', 'mac']",83,98541,https://cdn.cloudflare.steamstatic.com/steam/apps/306130/capsule_sm_120.jpg?t=1654262480
16,FINAL FANTASY XIV Online,"18 Feb, 2014",10.49,0,10.49,['win'],88,52125,https://cdn.cloudflare.steamstatic.com/steam/apps/39210/capsule_sm_120.jpg?t=1646695302
17,Dota 2,"9 Jul, 2013",Free to Play,0,Free to Play,"['win', 'mac', 'linux']",83,1747079,https://cdn.cloudflare.steamstatic.com/steam/apps/570/capsule_sm_120.jpg?t=1650611880
18,Sniper Elite 5,"25 May, 2022",22.99,0,22.99,['win'],71,2338,https://cdn.cloudflare.steamstatic.com/steam/apps/1029690/capsule_sm_120.jpg?t=1653557291
19,Yu-Gi-Oh! Master Duel,"18 Jan, 2022",Free To Play,0,Free To Play,['win'],76,40866,https://cdn.cloudflare.steamstatic.com/steam/apps/1449850/capsule_sm_120.jpg?t=1648616316
20,Don't Starve Together,"21 Apr, 2016",8.49,66,2.88,"['win', 'mac', 'linux']",96,220265,https://cdn.cloudflare.steamstatic.com/steam/apps/322330/capsule_sm_120_alt_assets_1.jpg?t=1654189865
21,Arma 3,"12 Sep, 2013",29.99,75,7.49,['win'],90,159799,https://cdn.cloudflare.steamstatic.com/steam/apps/107410/capsule_sm_120.jpg?t=1652354053
22,No Man's Sky,"12 Aug, 2016",34.99,50,17.49,['win'],73,182002,https://cdn.cloudflare.steamstatic.com/steam/apps/275850/capsule_sm_120_alt_assets_11.jpg?t=1653577357
23,Total War: WARHAMMER II,"28 Sep, 2017",46.99,66,15.97,"['win', 'mac', 'linux']",93,76934,https://cdn.cloudflare.steamstatic.com/steam/apps/594570/capsule_sm_120.jpg?t=1644489785
24,NARAKA: BLADEPOINT,"11 Aug, 2021",19.99,0,19.99,['win'],79,92960,https://cdn.cloudflare.steamstatic.com/steam/apps/1203220/capsule_sm_120.jpg?t=1653068884
25,FIFA 22,"30 Sep, 2021",59.99,0,59.99,['win'],80,60865,https://cdn.cloudflare.steamstatic.com/steam/apps/1506830/capsule_sm_120.jpg?t=1653581021
26,World of Warships,"15 Nov, 2017",Free to Play,0,Free to Play,['win'],80,101751,https://cdn.cloudflare.steamstatic.com/steam/apps/552990/capsule_sm_120.jpg?t=1654270542
27,Captain of Industry,"31 May, 2022",13.99,0,13.99,['win'],87,301,https://cdn.cloudflare.steamstatic.com/steam/apps/1594320/capsule_sm_120.jpg?t=1654266972
28,MONSTER HUNTER RISE,"12 Jan, 2022",59.99,0,59.99,['win'],87,20156,https://cdn.cloudflare.steamstatic.com/steam/apps/1446780/capsule_sm_120.jpg?t=1652718794
29,Warframe,"25 Mar, 2013",Free to Play,0,Free to Play,['win'],90,478282,https://cdn.cloudflare.steamstatic.com/steam/apps/230410/capsule_sm_120.jpg?t=1653679034
30,"Warhammer 40,000: Darktide","13 Sep, 2022",29.99,0,29.99,['win'],None,None,https://cdn.cloudflare.steamstatic.com/steam/apps/1361210/capsule_sm_120.jpg?t=1654103087
31,NBA 2K22,"9 Sep, 2021",74.99,67,24.74,['win'],55,21421,https://cdn.cloudflare.steamstatic.com/steam/apps/1644960/capsule_sm_120.jpg?t=1653059048
32,Dead by Daylight,"14 Jun, 2016",12.59,0,12.59,['win'],81,426631,https://cdn.cloudflare.steamstatic.com/steam/apps/381210/capsule_sm_120.jpg?t=1647543411
33,Tom Clancy's Rainbow Six® Siege,"1 Dec, 2015",10.99,0,10.99,['win'],87,889431,https://cdn.cloudflare.steamstatic.com/steam/apps/359550/capsule_sm_120.jpg?t=1647433052
34,Oxygen Not Included,"30 Jul, 2019",12.49,60,4.99,"['win', 'mac', 'linux']",96,78268,https://cdn.cloudflare.steamstatic.com/steam/apps/457140/capsule_sm_120_alt_assets_6.jpg?t=1654189805
35,The Sims™ 4,"18 Jun, 2020",19.99,0,19.99,['win'],87,48524,https://cdn.cloudflare.steamstatic.com/steam/apps/1222670/capsule_sm_120.jpg?t=1654249456
36,EA Play,"31 Aug, 2020",4.99,0,4.99,['win'],None,None,https://cdn.cloudflare.steamstatic.com/steam/apps/1289670/capsule_sm_120.jpg?t=1634331719
37,Forza Horizon 5,"8 Nov, 2021",34.78,0,34.78,['win'],87,68966,https://cdn.cloudflare.steamstatic.com/steam/apps/1551360/capsule_sm_120.jpg?t=1654188366
38,Mass Effect™ Legendary Edition,"14 May, 2021",59.99,59,24.59,['win'],93,25832,https://cdn.cloudflare.steamstatic.com/steam/apps/1328670/capsule_sm_120.jpg?t=1643990135
39,Hatsune Miku: Project DIVA Mega Mix+,"26 May, 2022",39.39,0,39.39,['win'],88,2208,https://cdn.cloudflare.steamstatic.com/steam/apps/1761390/capsule_sm_120.jpg?t=1653923203
40,Path of Exile,"23 Oct, 2013",Free to Play,0,Free to Play,"['win', 'mac']",90,182160,https://cdn.cloudflare.steamstatic.com/steam/apps/238960/capsule_sm_120.jpg?t=1652469162
41,Sid Meier’s Civilization® VI,"20 Oct, 2016",29.99,0,29.99,"['win', 'mac', 'linux']",83,154665,https://cdn.cloudflare.steamstatic.com/steam/apps/289070/capsule_sm_120.jpg?t=1651784001
42,Resident Evil Village,"6 May, 2021",59.99,50,29.99,['win'],95,50518,https://cdn.cloudflare.steamstatic.com/steam/apps/1196590/capsule_sm_120.jpg?t=1644282152
43,Warhammer: Vermintide 2,"8 Mar, 2018",17.99,80,3.59,['win'],83,64278,https://cdn.cloudflare.steamstatic.com/steam/apps/552500/capsule_sm_120.jpg?t=1654105047
44,Going Medieval,"1 Jun, 2021",12.49,20,9.99,['win'],89,9078,https://cdn.cloudflare.steamstatic.com/steam/apps/1029780/capsule_sm_120.jpg?t=1654080734
45,Stellaris,"9 May, 2016",26.99,0,26.99,"['win', 'mac', 'linux']",87,92439,https://cdn.cloudflare.steamstatic.com/steam/apps/281990/capsule_sm_120.jpg?t=1652979714
46,Far Cry® 5,"26 Mar, 2018",32.99,80,6.59,['win'],79,112737,https://cdn.cloudflare.steamstatic.com/steam/apps/552520/capsule_sm_120.jpg?t=1628209646
47,Phasmophobia,"18 Sep, 2020",7.99,0,7.99,['win'],97,353500,https://cdn.cloudflare.steamstatic.com/steam/apps/739630/capsule_sm_120.jpg?t=1638041534
48,Microsoft Flight Simulator Game of the Year Edition,"17 Apr, 2020",59.99,0,59.99,['win'],76,35620,https://cdn.cloudflare.steamstatic.com/steam/apps/1250410/capsule_sm_120.jpg?t=1647979760
49,STAR WARS™: The Old Republic™,"21 Jul, 2020",Free To Play,0,Free To Play,['win'],90,42202,https://cdn.cloudflare.steamstatic.com/steam/apps/1286830/capsule_sm_120.jpg?t=1645090351
50,ARK: Survival Evolved,"27 Aug, 2017",14.49,0,14.49,"['win', 'mac', 'linux']",82,421206,https://cdn.cloudflare.steamstatic.com/steam/apps/346110/capsule_sm_120.jpg?t=1649288168
51,"Warhammer 40,000: Chaos Gate - Daemonhunters","5 May, 2022",25.99,0,25.99,['win'],75,3878,https://cdn.cloudflare.steamstatic.com/steam/apps/1611910/capsule_sm_120.jpg?t=1654106475
52,Total War: WARHAMMER,"24 May, 2016",46.99,75,11.74,"['win', 'mac', 'linux']",78,29462,https://cdn.cloudflare.steamstatic.com/steam/apps/364360/capsule_sm_120.jpg?t=1632304339
53,Stardew Valley,"26 Feb, 2016",9.99,0,9.99,"['win', 'mac', 'linux']",98,392714,https://cdn.cloudflare.steamstatic.com/steam/apps/413150/capsule_sm_120.jpg?t=1608624324
54,ACE COMBAT™ 7: SKIES UNKNOWN,"31 Jan, 2019",29.99,80,5.99,['win'],86,19738,https://cdn.cloudflare.steamstatic.com/steam/apps/502500/capsule_sm_120.jpg?t=1653601579
55,Ready or Not,"17 Dec, 2021",24.99,0,24.99,['win'],93,43364,https://cdn.cloudflare.steamstatic.com/steam/apps/1144200/capsule_sm_120.jpg?t=1654089717
56,Raft,"23 May, 2018",12.59,0,12.59,['win'],93,147066,https://cdn.cloudflare.steamstatic.com/steam/apps/648800/capsule_sm_120.jpg?t=1642416570
57,Fallout 76,"14 Apr, 2020",19.99,0,19.99,['win'],76,35470,https://cdn.cloudflare.steamstatic.com/steam/apps/1151340/capsule_sm_120.jpg?t=1654119493
58,Team Fortress 2,"10 Oct, 2007",Free to Play,0,Free to Play,"['win', 'mac', 'linux']",93,868667,https://cdn.cloudflare.steamstatic.com/steam/apps/440/capsule_sm_120.jpg?t=1592263852
59,My Time at Sandrock,"25 May, 2022",12.99,0,12.99,['win'],79,3584,https://cdn.cloudflare.steamstatic.com/steam/apps/1084600/capsule_sm_120.jpg?t=1653964028
60,"Warhammer 40,000: Gladius - Relics of War","12 Jul, 2018",18.49,90,1.84,"['win', 'linux']",80,5790,https://cdn.cloudflare.steamstatic.com/steam/apps/489630/capsule_sm_120.jpg?t=1654102688
61,Card Shark,"2 Jun, 2022",12.99,15,11.04,"['win', 'mac']",90,264,https://cdn.cloudflare.steamstatic.com/steam/apps/1371720/capsule_sm_120.jpg?t=1654202098
62,VRChat,"1 Feb, 2017",Free To Play,0,Free To Play,['win'],90,136422,https://cdn.cloudflare.steamstatic.com/steam/apps/438100/capsule_sm_120.jpg?t=1648777811
63,Red Dead Redemption 2,"5 Dec, 2019",34.99,0,34.99,['win'],88,244314,https://cdn.cloudflare.steamstatic.com/steam/apps/1174180/capsule_sm_120.jpg?t=1618851907
64,Resident Evil 3,"24 Jan, 2019",39.99,60,15.99,['win'],78,36089,https://cdn.cloudflare.steamstatic.com/steam/apps/952060/capsule_sm_120.jpg?t=1644282235
65,LEGO® Star Wars™: The Skywalker Saga,"5 Apr, 2022",22.99,0,22.99,['win'],93,20993,https://cdn.cloudflare.steamstatic.com/steam/apps/920210/capsule_sm_120.jpg?t=1652462340
66,Dread Hunger,"26 Jan, 2022",14.49,0,14.49,['win'],62,27645,https://cdn.cloudflare.steamstatic.com/steam/apps/1418630/capsule_sm_120.jpg?t=1652955253
67,THE KING OF FIGHTERS XV,"16 Feb, 2022",31.99,25,23.99,['win'],81,3341,https://cdn.cloudflare.steamstatic.com/steam/apps/1498570/capsule_sm_120.jpg?t=1653013657
68,Euro Truck Simulator 2,"12 Oct, 2012",11.99,0,11.99,"['win', 'mac', 'linux']",97,395128,https://cdn.cloudflare.steamstatic.com/steam/apps/227300/capsule_sm_120.jpg?t=1653033923
69,Remnant: From the Ashes,"19 Aug, 2019",18.49,60,7.39,['win'],85,34803,https://cdn.cloudflare.steamstatic.com/steam/apps/617290/capsule_sm_120.jpg?t=1629392689
70,Crusader Kings III,"1 Sep, 2020",29.99,0,29.99,"['win', 'mac', 'linux']",93,49676,https://cdn.cloudflare.steamstatic.com/steam/apps/1158310/capsule_sm_120.jpg?t=1653385552
71,F1® 22,"1 Jul, 2022",59.99,0,59.99,['win'],None,None,https://cdn.cloudflare.steamstatic.com/steam/apps/1692250/capsule_sm_120.jpg?t=1654182073
72,World of Tanks Blitz,"9 Nov, 2016",Free to Play,0,Free to Play,"['win', 'mac']",80,111557,https://cdn.cloudflare.steamstatic.com/steam/apps/444200/capsule_sm_120.jpg?t=1654104995
73,We Happy Few,"10 Aug, 2018",49.99,90,4.99,['win'],75,8634,https://cdn.cloudflare.steamstatic.com/steam/apps/320240/capsule_sm_120.jpg?t=1648680905
74,Cities: Skylines,"10 Mar, 2015",19.99,0,19.99,"['win', 'mac', 'linux']",93,145576,https://cdn.cloudflare.steamstatic.com/steam/apps/255710/capsule_sm_120.jpg?t=1654076112
75,A Way Out,"18 Jun, 2020",29.99,75,7.49,['win'],87,20193,https://cdn.cloudflare.steamstatic.com/steam/apps/1222700/capsule_sm_120.jpg?t=1626878628
76,RimWorld,"17 Oct, 2018",16.49,0,16.49,"['win', 'mac', 'linux']",98,110312,https://cdn.cloudflare.steamstatic.com/steam/apps/294100/capsule_sm_120.jpg?t=1650485223
77,The Forest,"30 Apr, 2018",10.49,0,10.49,['win'],95,312942,https://cdn.cloudflare.steamstatic.com/steam/apps/242760/capsule_sm_120.jpg?t=1590522045
78,Project Zomboid,"8 Nov, 2013",10.49,0,10.49,"['win', 'mac', 'linux']",92,75692,https://cdn.cloudflare.steamstatic.com/steam/apps/108600/capsule_sm_120.jpg?t=1644611871
79,Call of Duty®: Black Ops III,"5 Nov, 2015",31.99,0,31.99,"['win', 'mac']",84,70592,https://cdn.cloudflare.steamstatic.com/steam/apps/311210/capsule_sm_120.jpg?t=1646763462
80,The Elder Scrolls V: Skyrim Special Edition,"27 Oct, 2016",24.99,0,24.99,['win'],94,102422,https://cdn.cloudflare.steamstatic.com/steam/apps/489830/capsule_sm_120.jpg?t=1650909796
81,Terraria,"16 May, 2011",6.99,0,6.99,"['win', 'mac', 'linux']",98,762337,https://cdn.cloudflare.steamstatic.com/steam/apps/105600/capsule_sm_120.jpg?t=1590092560
82,Have a Nice Death,"8 Mar, 2022",9.99,10,8.99,['win'],85,2952,https://cdn.cloudflare.steamstatic.com/steam/apps/1740720/capsule_sm_120.jpg?t=1652995934
83,Don't Starve,,6.29,75,1.57,"['win', 'mac', 'linux']",96,80043,https://cdn.cloudflare.steamstatic.com/steam/apps/219740/capsule_sm_120.jpg?t=1647292111
84,House Flipper,"17 May, 2018",12.49,0,12.49,"['win', 'mac']",93,53974,https://cdn.cloudflare.steamstatic.com/steam/apps/613100/capsule_sm_120.jpg?t=1653640482
85,Total War: WARHAMMER III,"16 Feb, 2022",46.99,10,42.29,"['win', 'mac']",57,31455,https://cdn.cloudflare.steamstatic.com/steam/apps/1142710/capsule_sm_120.jpg?t=1654102903
86,"Warhammer 40,000: Battlesector","22 Jul, 2021",18.49,40,11.09,['win'],90,2286,https://cdn.cloudflare.steamstatic.com/steam/apps/1295500/capsule_sm_120.jpg?t=1654115551
87,Football Manager 2022,"8 Nov, 2021",36.99,0,36.99,"['win', 'mac']",92,9528,https://cdn.cloudflare.steamstatic.com/steam/apps/1569040/capsule_sm_120.jpg?t=1649351903
88,Need for Speed™ Heat,"4 Jun, 2020",69.99,80,13.99,['win'],84,34196,https://cdn.cloudflare.steamstatic.com/steam/apps/1222680/capsule_sm_120.jpg?t=1649949359
89,Valheim,"2 Feb, 2021",10.49,0,10.49,"['win', 'linux']",95,299633,https://cdn.cloudflare.steamstatic.com/steam/apps/892970/capsule_sm_120.jpg?t=1647939640
90,Resident Evil 2,"24 Jan, 2019",39.99,60,15.99,['win'],97,69843,https://cdn.cloudflare.steamstatic.com/steam/apps/883710/capsule_sm_120.jpg?t=1644282201
91,God of War,"14 Jan, 2022",39.99,0,39.99,['win'],96,33911,https://cdn.cloudflare.steamstatic.com/steam/apps/1593500/capsule_sm_120.jpg?t=1650554420
92,SMITE®,"8 Sep, 2015",Free to Play,0,Free to Play,['win'],80,99608,https://cdn.cloudflare.steamstatic.com/steam/apps/386360/capsule_sm_120.jpg?t=1654013471
93,Hardspace: Shipbreaker,"24 May, 2022",25.99,25,19.49,['win'],88,11071,https://cdn.cloudflare.steamstatic.com/steam/apps/1161580/capsule_sm_120.jpg?t=1653927197
94,Age of Empires IV,"28 Oct, 2021",27.99,0,27.99,['win'],86,26008,https://cdn.cloudflare.steamstatic.com/steam/apps/1466860/capsule_sm_120.jpg?t=1649360851
95,Hunt: Showdown,"27 Aug, 2019",21.90,0,21.90,['win'],83,100886,https://cdn.cloudflare.steamstatic.com/steam/apps/594650/capsule_sm_120.jpg?t=1654252617
96,DayZ,"13 Dec, 2018",44.99,0,44.99,['win'],71,254376,https://cdn.cloudflare.steamstatic.com/steam/apps/221100/capsule_sm_120.jpg?t=1643209285
97,Necesse,"12 Dec, 2019",6.29,33,4.21,"['win', 'mac', 'linux']",95,1361,https://cdn.cloudflare.steamstatic.com/steam/apps/1169040/capsule_sm_120.jpg?t=1653922631
98,iRacing,"12 Jan, 2015",6.99,0,6.99,['win'],82,1237,https://cdn.cloudflare.steamstatic.com/steam/apps/266410/capsule_sm_120.jpg?t=1646868319
99,Farming Simulator 22,"21 Nov, 2021",34.99,0,34.99,"['win', 'mac']",88,21511,https://cdn.cloudflare.steamstatic.com/steam/apps/1248130/capsule_sm_120.jpg?t=1649923516
100,Resident Evil 7 Biohazard,"23 Jan, 2017",19.99,50,9.99,['win'],94,39568,https://cdn.cloudflare.steamstatic.com/steam/apps/418370/capsule_sm_120.jpg?t=1644282269
101,"Warhammer 40,000: Inquisitor - Martyr","5 Jun, 2018",24.99,75,6.24,['win'],74,12868,https://cdn.cloudflare.steamstatic.com/steam/apps/527430/capsule_sm_120_alt_assets_6.jpg?t=1652689914
102,PAYDAY 2,"13 Aug, 2013",6.99,0,6.99,"['win', 'linux']",89,368690,https://cdn.cloudflare.steamstatic.com/steam/apps/218620/capsule_sm_120.jpg?t=1653004245
103,Dying Light 2 Stay Human,"3 Feb, 2022",34.99,0,34.99,['win'],79,72938,https://cdn.cloudflare.steamstatic.com/steam/apps/534380/capsule_sm_120.jpg?t=1653472185
104,Hearts of Iron IV,"6 Jun, 2016",26.99,0,26.99,"['win', 'mac', 'linux']",92,133209,https://cdn.cloudflare.steamstatic.com/steam/apps/394360/capsule_sm_120.jpg?t=1652356929
105,The Stanley Parable: Ultra Deluxe,"27 Apr, 2022",12.49,0,12.49,"['win', 'mac', 'linux']",94,11804,https://cdn.cloudflare.steamstatic.com/steam/apps/1703340/capsule_sm_120.jpg?t=1652303715
106,We Were Here Forever,"10 May, 2022",9.89,0,9.89,['win'],88,3213,https://cdn.cloudflare.steamstatic.com/steam/apps/1341290/capsule_sm_120.jpg?t=1652436547
107,DCS World Steam Edition,"2 Aug, 2013",Free,0,Free,['win'],84,22042,https://cdn.cloudflare.steamstatic.com/steam/apps/223750/capsule_sm_120.jpg?t=1652436945
108,Bloons TD 6,"17 Dec, 2018",6.29,0,6.29,"['win', 'mac']",97,166094,https://cdn.cloudflare.steamstatic.com/steam/apps/960090/capsule_sm_120.jpg?t=1634303522
109,Necromunda: Hired Gun,"31 May, 2021",29.99,50,14.99,['win'],72,3736,https://cdn.cloudflare.steamstatic.com/steam/apps/1222370/capsule_sm_120.jpg?t=1654104564
110,Souldiers,"2 Jun, 2022",19.99,0,19.99,['win'],59,288,https://cdn.cloudflare.steamstatic.com/steam/apps/1419160/capsule_sm_120.jpg?t=1654268370
111,Arma Reforger,"17 May, 2022",29.99,0,29.99,['win'],61,4867,https://cdn.cloudflare.steamstatic.com/steam/apps/1874880/capsule_sm_120.jpg?t=1653907605
112,Keplerth,"23 May, 2022",8.49,0,8.49,['win'],88,1789,https://cdn.cloudflare.steamstatic.com/steam/apps/747200/capsule_sm_120.jpg?t=1654236155
113,The Elder Scrolls Online: High Isle,"6 Jun, 2022",24.99,0,24.99,"['win', 'mac']",None,None,https://cdn.cloudflare.steamstatic.com/steam/apps/1754000/capsule_sm_120.jpg?t=1651611874
114,BeamNG.drive,"29 May, 2015",12.49,0,12.49,['win'],96,111496,https://cdn.cloudflare.steamstatic.com/steam/apps/284160/capsule_sm_120.jpg?t=1629198641
115,American Truck Simulator,"2 Feb, 2016",11.99,0,11.99,"['win', 'mac', 'linux']",96,79914,https://cdn.cloudflare.steamstatic.com/steam/apps/270880/capsule_sm_120.jpg?t=1654070673
116,Starbound,"22 Jul, 2016",9.99,60,3.99,"['win', 'mac', 'linux']",91,78653,https://cdn.cloudflare.steamstatic.com/steam/apps/211820/capsule_sm_120.jpg?t=1611668796
117,Satisfactory,"8 Jun, 2020",14.99,0,14.99,['win'],97,83919,https://cdn.cloudflare.steamstatic.com/steam/apps/526870/capsule_sm_120.jpg?t=1650885028
118,Old World,"18 May, 2022",19.99,0,19.99,"['win', 'mac', 'linux']",81,594,https://cdn.cloudflare.steamstatic.com/steam/apps/597180/capsule_sm_120.jpg?t=1654230486
119,Beat Saber,"21 May, 2019",14.49,0,14.49,['win'],96,57368,https://cdn.cloudflare.steamstatic.com/steam/apps/620980/capsule_sm_120.jpg?t=1622461922
120,"Warhammer 40,000: Mechanicus","15 Nov, 2018",14.49,80,2.89,"['win', 'mac', 'linux']",92,7550,https://cdn.cloudflare.steamstatic.com/steam/apps/673880/capsule_sm_120.jpg?t=1654094490
121,Fall Guys: Ultimate Knockout,"3 Aug, 2020",10.49,0,10.49,['win'],82,387739,https://cdn.cloudflare.steamstatic.com/steam/apps/1097150/capsule_sm_120.jpg?t=1651675949
122,Garry's Mod,"29 Nov, 2006",6.99,0,6.99,"['win', 'mac', 'linux']",96,706484,https://cdn.cloudflare.steamstatic.com/steam/apps/4000/capsule_sm_120.jpg?t=1617307042
123,Squad,"23 Sep, 2020",22.99,0,22.99,['win'],90,78477,https://cdn.cloudflare.steamstatic.com/steam/apps/393380/capsule_sm_120.jpg?t=1649877267
124,Pummel Party,"20 Sep, 2018",8.49,0,8.49,['win'],89,29678,https://cdn.cloudflare.steamstatic.com/steam/apps/880940/capsule_sm_120.jpg?t=1585242250
125,Half-Life: Alyx,"23 Mar, 2020",27.99,0,27.99,['win'],98,60812,https://cdn.cloudflare.steamstatic.com/steam/apps/546560/capsule_sm_120.jpg?t=1641577012
126,Conqueror's Blade,"5 Apr, 2020",Free to Play,0,Free to Play,['win'],68,23020,https://cdn.cloudflare.steamstatic.com/steam/apps/835570/capsule_sm_120.jpg?t=1651719404
127,Cyberpunk 2077,"9 Dec, 2020",29.99,0,29.99,['win'],76,429257,https://cdn.cloudflare.steamstatic.com/steam/apps/1091500/capsule_sm_120.jpg?t=1649065890
128,Monster Hunter: World,"9 Aug, 2018",29.99,0,29.99,['win'],86,213248,https://cdn.cloudflare.steamstatic.com/steam/apps/582010/capsule_sm_120.jpg?t=1644281885
129,Grounded,"28 Jul, 2020",14.49,0,14.49,['win'],88,24324,https://cdn.cloudflare.steamstatic.com/steam/apps/962130/capsule_sm_120.jpg?t=1653068439
130,Tribes of Midgard,"27 Jul, 2021",10.49,40,6.29,['win'],77,10129,https://cdn.cloudflare.steamstatic.com/steam/apps/858820/capsule_sm_120.jpg?t=1654190212
131,"Warhammer 40,000: Space Marine - Anniversary Edition","5 Sep, 2011",59.99,75,14.99,['win'],92,9252,https://cdn.cloudflare.steamstatic.com/steam/apps/55150/capsule_sm_120.jpg?t=1653590231
132,Age of Empires II: Definitive Edition,"14 Nov, 2019",19.99,0,19.99,['win'],94,91552,https://cdn.cloudflare.steamstatic.com/steam/apps/813780/capsule_sm_120.jpg?t=1651280373
133,Granblue Fantasy: Versus,"13 Mar, 2020",10.49,30,7.34,['win'],81,4602,https://cdn.cloudflare.steamstatic.com/steam/apps/1090630/capsule_sm_120.jpg?t=1646107919
134,Eternal Return,"14 Oct, 2020",Free To Play,0,Free To Play,['win'],81,41103,https://cdn.cloudflare.steamstatic.com/steam/apps/1049590/capsule_sm_120.jpg?t=1654004199
135,Paladins®,"8 May, 2018",Free to Play,0,Free to Play,['win'],85,325726,https://cdn.cloudflare.steamstatic.com/steam/apps/444090/capsule_sm_120.jpg?t=1652275958
136,Griftlands,"1 Jun, 2021",10.49,33,7.02,"['win', 'mac', 'linux']",95,11058,https://cdn.cloudflare.steamstatic.com/steam/apps/601840/capsule_sm_120.jpg?t=1637088352
137,New World,"28 Sep, 2021",18.49,0,18.49,['win'],67,194929,https://cdn.cloudflare.steamstatic.com/steam/apps/1063730/capsule_sm_120.jpg?t=1653580979
138,Halo Infinite,"15 Nov, 2021",Free To Play,0,Free To Play,['win'],74,141159,https://cdn.cloudflare.steamstatic.com/steam/apps/1240440/capsule_sm_120.jpg?t=1651604861
139,Factorio,"14 Aug, 2020",12.00,0,12.00,"['win', 'mac', 'linux']",98,107997,https://cdn.cloudflare.steamstatic.com/steam/apps/427520/capsule_sm_120.jpg?t=1620730652
140,Left 4 Dead 2,"16 Nov, 2009",6.29,0,6.29,"['win', 'mac', 'linux']",97,441718,https://cdn.cloudflare.steamstatic.com/steam/apps/550/capsule_sm_120.jpg?t=1630686839
141,Hell Let Loose,"27 Jul, 2021",18.49,0,18.49,['win'],87,47947,https://cdn.cloudflare.steamstatic.com/steam/apps/686810/capsule_sm_120.jpg?t=1652268288
142,Baldur's Gate 3,"6 Oct, 2020",29.99,0,29.99,"['win', 'mac']",87,45729,https://cdn.cloudflare.steamstatic.com/steam/apps/1086940/capsule_sm_120.jpg?t=1651777437
143,Poppy Playtime,"12 Oct, 2021",Free to Play,0,Free to Play,['win'],76,34166,https://cdn.cloudflare.steamstatic.com/steam/apps/1721470/capsule_sm_120.jpg?t=1651911560
144,Peglin,"25 Apr, 2022",10.49,0,10.49,"['win', 'mac']",79,2717,https://cdn.cloudflare.steamstatic.com/steam/apps/1296610/capsule_sm_120.jpg?t=1654195593
145,Far Cry® 4,Nov 2014,16.49,70,4.94,['win'],82,38175,https://cdn.cloudflare.steamstatic.com/steam/apps/298110/capsule_sm_120.jpg?t=1602602982
146,Brawlhalla,"17 Oct, 2017",Free to Play,0,Free to Play,"['win', 'mac']",84,286162,https://cdn.cloudflare.steamstatic.com/steam/apps/291550/capsule_sm_120.jpg?t=1653493195
147,Planet Zoo,"5 Nov, 2019",43.99,0,43.99,['win'],90,48332,https://cdn.cloudflare.steamstatic.com/steam/apps/703080/capsule_sm_120.jpg?t=1649934824
148,Age of Empires III: Definitive Edition,"15 Oct, 2020",10.49,0,10.49,['win'],79,23145,https://cdn.cloudflare.steamstatic.com/steam/apps/933110/capsule_sm_120.jpg?t=1654015292
149,Assetto Corsa,"19 Dec, 2014",10.49,0,10.49,['win'],91,52070,https://cdn.cloudflare.steamstatic.com/steam/apps/244210/capsule_sm_120.jpg?t=1651677274
150,Stumble Guys,"7 Oct, 2021",,0,,['win'],92,18653,https://cdn.cloudflare.steamstatic.com/steam/apps/1677740/capsule_sm_120.jpg?t=1650527635
151,Fallout 4,"9 Nov, 2015",12.99,0,12.99,['win'],81,175786,https://cdn.cloudflare.steamstatic.com/steam/apps/377160/capsule_sm_120.jpg?t=1650909928
152,Deep Rock Galactic,"13 May, 2020",14.49,0,14.49,['win'],97,107257,https://cdn.cloudflare.steamstatic.com/steam/apps/548430/capsule_sm_120.jpg?t=1651238834
153,Eastward,"16 Sep, 2021",12.49,20,9.99,"['win', 'mac']",85,10270,https://cdn.cloudflare.steamstatic.com/steam/apps/977880/capsule_sm_120.jpg?t=1634649623
154,World of Tanks,"28 Apr, 2021",Free To Play,0,Free To Play,['win'],80,30414,https://cdn.cloudflare.steamstatic.com/steam/apps/1407200/capsule_sm_120.jpg?t=1654105063
155,GrandChase,"27 Jul, 2021",Free To Play,0,Free To Play,['win'],54,18569,https://cdn.cloudflare.steamstatic.com/steam/apps/985810/capsule_sm_120.jpg?t=1654146189
156,Homeworld: Deserts of Kharak,"20 Jan, 2016",24.99,90,2.49,"['win', 'mac']",82,5584,https://cdn.cloudflare.steamstatic.com/steam/apps/281610/capsule_sm_120.jpg?t=1577997545
157,Nobody Saves the World,"18 Jan, 2022",12.49,20,9.99,['win'],92,2225,https://cdn.cloudflare.steamstatic.com/steam/apps/1432050/capsule_sm_120.jpg?t=1651866320
158,The Binding of Isaac: Rebirth,"4 Nov, 2014",8.00,0,8.00,"['win', 'mac', 'linux']",97,177707,https://cdn.cloudflare.steamstatic.com/steam/apps/250900/capsule_sm_120.jpg?t=1617174663
159,Jurassic World Evolution 2,"9 Nov, 2021",27.99,0,27.99,['win'],82,9023,https://cdn.cloudflare.steamstatic.com/steam/apps/1244460/capsule_sm_120.jpg?t=1653662264
160,War Robots,"4 Apr, 2018",Free To Play,0,Free To Play,['win'],62,12451,https://cdn.cloudflare.steamstatic.com/steam/apps/767560/capsule_sm_120.jpg?t=1654075792
161,Mount & Blade II: Bannerlord,"30 Mar, 2020",29.99,0,29.99,['win'],87,147497,https://cdn.cloudflare.steamstatic.com/steam/apps/261550/capsule_sm_120.jpg?t=1641803125
162,WorldBox - God Simulator,"2 Dec, 2021",10.49,0,10.49,"['win', 'mac', 'linux']",93,8037,https://cdn.cloudflare.steamstatic.com/steam/apps/1206560/capsule_sm_120.jpg?t=1653502355
163,UNO,"3 Jan, 2017",5.49,60,2.19,['win'],73,30614,https://cdn.cloudflare.steamstatic.com/steam/apps/470220/capsule_sm_120.jpg?t=1649698814
164,7 Days to Die,"13 Dec, 2013",14.99,0,14.99,"['win', 'mac', 'linux']",88,152467,https://cdn.cloudflare.steamstatic.com/steam/apps/251570/capsule_sm_120.jpg?t=1650477344
165,Sekiro™: Shadows Die Twice - GOTY Edition,"21 Mar, 2019",31.99,0,31.99,['win'],94,129196,https://cdn.cloudflare.steamstatic.com/steam/apps/814380/capsule_sm_120.jpg?t=1603904569
166,Europa Universalis IV,"13 Aug, 2013",26.99,0,26.99,"['win', 'mac', 'linux']",86,73148,https://cdn.cloudflare.steamstatic.com/steam/apps/236850/capsule_sm_120.jpg?t=1653383580
167,Teardown,"21 Apr, 2022",10.49,0,10.49,['win'],96,40217,https://cdn.cloudflare.steamstatic.com/steam/apps/1167630/capsule_sm_120.jpg?t=1651223132
168,RuneScape ®,"14 Oct, 2020",Free To Play,0,Free To Play,"['win', 'mac']",88,17674,https://cdn.cloudflare.steamstatic.com/steam/apps/1343400/capsule_sm_120.jpg?t=1653412331
169,Dragon Age™ Inquisition,"4 Jun, 2020",39.99,80,7.99,['win'],75,8033,https://cdn.cloudflare.steamstatic.com/steam/apps/1222690/capsule_sm_120.jpg?t=1633006819
170,Halo: The Master Chief Collection,"3 Dec, 2019",18.49,0,18.49,['win'],92,171354,https://cdn.cloudflare.steamstatic.com/steam/apps/976730/capsule_sm_120.jpg?t=1649955774
171,PowerWash Simulator,"19 May, 2021",10.49,0,10.49,['win'],97,18250,https://cdn.cloudflare.steamstatic.com/steam/apps/1290000/capsule_sm_120.jpg?t=1652965593
172,Among Us,"16 Nov, 2018",3.29,0,3.29,['win'],92,547450,https://cdn.cloudflare.steamstatic.com/steam/apps/945360/capsule_sm_120.jpg?t=1646296970
173,Songs of Conquest,"10 May, 2022",14.49,0,14.49,"['win', 'mac']",86,1965,https://cdn.cloudflare.steamstatic.com/steam/apps/867210/capsule_sm_120.jpg?t=1652792386
174,Rogue Legacy 2,"28 Apr, 2022",12.49,0,12.49,['win'],89,8049,https://cdn.cloudflare.steamstatic.com/steam/apps/1253920/capsule_sm_120.jpg?t=1652116054
175,Medieval Dynasty,"23 Sep, 2021",24.99,25,18.74,['win'],90,21488,https://cdn.cloudflare.steamstatic.com/steam/apps/1129580/capsule_sm_120_alt_assets_23.jpg?t=1654281659
176,Far Cry® Primal,"29 Feb, 2016",27.49,75,6.87,['win'],84,22333,https://cdn.cloudflare.steamstatic.com/steam/apps/371660/capsule_sm_120.jpg?t=1638891922
177,Train Sim World® 2,"20 Aug, 2020",10.49,0,10.49,['win'],83,5697,https://cdn.cloudflare.steamstatic.com/steam/apps/1282590/capsule_sm_120.jpg?t=1654011238
178,theHunter: Call of the Wild™,"16 Feb, 2017",10.49,0,10.49,['win'],87,90471,https://cdn.cloudflare.steamstatic.com/steam/apps/518790/capsule_sm_120.jpg?t=1648717714
179,Resident Evil 4,"27 Feb, 2014",11.99,75,2.99,['win'],91,34589,https://cdn.cloudflare.steamstatic.com/steam/apps/254700/capsule_sm_120.jpg?t=1650860610
180,Stormworks: Build and Rescue,"17 Sep, 2020",12.49,30,8.74,"['win', 'mac']",92,24678,https://cdn.cloudflare.steamstatic.com/steam/apps/573090/capsule_sm_120_alt_assets_2.jpg?t=1654186079
181,Vampire: The Masquerade - Bloodhunt,"27 Apr, 2022",Free To Play,0,Free To Play,['win'],71,38609,https://cdn.cloudflare.steamstatic.com/steam/apps/760160/capsule_sm_120.jpg?t=1652257221
182,Stacklands,"8 Apr, 2022",3.29,0,3.29,"['win', 'mac']",96,3896,https://cdn.cloudflare.steamstatic.com/steam/apps/1948280/capsule_sm_120.jpg?t=1652456166
183,A Dance of Fire and Ice,"24 Jan, 2019",3.99,20,3.19,"['win', 'mac']",93,37411,https://cdn.cloudflare.steamstatic.com/steam/apps/977950/capsule_sm_120.jpg?t=1654000837
184,GUILTY GEAR -STRIVE-,"11 Jun, 2021",27.99,0,27.99,['win'],92,18369,https://cdn.cloudflare.steamstatic.com/steam/apps/1384160/capsule_sm_120.jpg?t=1653629269
185,Resident Evil 6,"21 Mar, 2013",19.99,75,4.99,['win'],80,26506,https://cdn.cloudflare.steamstatic.com/steam/apps/221040/capsule_sm_120.jpg?t=1650849821
186,The Riftbreaker,"14 Oct, 2021",14.49,25,10.86,['win'],92,9843,https://cdn.cloudflare.steamstatic.com/steam/apps/780310/capsule_sm_120.jpg?t=1649847486
187,Operation: Tango,"1 Jun, 2021",14.99,45,8.24,['win'],89,3671,https://cdn.cloudflare.steamstatic.com/steam/apps/1335790/capsule_sm_120.jpg?t=1654065030
188,Vampire Survivors,"17 Dec, 2021",2.19,0,2.19,"['win', 'mac']",98,97194,https://cdn.cloudflare.steamstatic.com/steam/apps/1794680/capsule_sm_120.jpg?t=1653926943
189,Divinity: Original Sin 2 - Definitive Edition,"14 Sep, 2017",24.99,0,24.99,"['win', 'mac']",95,125858,https://cdn.cloudflare.steamstatic.com/steam/apps/435150/capsule_sm_120.jpg?t=1631177562
190,Phantasy Star Online 2 New Genesis,"5 Aug, 2020",Free To Play,0,Free To Play,['win'],72,19308,https://cdn.cloudflare.steamstatic.com/steam/apps/1056640/capsule_sm_120.jpg?t=1639539074
191,Muse Dash,"19 Jun, 2019",2.99,50,1.49,"['win', 'mac']",96,56254,https://cdn.cloudflare.steamstatic.com/steam/apps/774171/capsule_sm_120.jpg?t=1653460042
192,Tabletop Simulator,"5 Jun, 2015",12.59,0,12.59,"['win', 'mac', 'linux']",96,31086,https://cdn.cloudflare.steamstatic.com/steam/apps/286160/capsule_sm_120.jpg?t=1620412025
193,FOR HONOR™,"13 Feb, 2017",8.25,0,8.25,['win'],67,69041,https://cdn.cloudflare.steamstatic.com/steam/apps/304390/capsule_sm_120.jpg?t=1647523108
194,The Quarry,"10 Jun, 2022",44.99,0,44.99,['win'],None,None,https://cdn.cloudflare.steamstatic.com/steam/apps/1577120/capsule_sm_120.jpg?t=1654297648
195,SnowRunner,"17 May, 2021",22.99,0,22.99,['win'],87,9473,https://cdn.cloudflare.steamstatic.com/steam/apps/1465360/capsule_sm_120.jpg?t=1653986838
196,eFootball™ 2022,"29 Sep, 2021",Free To Play,0,Free To Play,['win'],24,34528,https://cdn.cloudflare.steamstatic.com/steam/apps/1665460/capsule_sm_120.jpg?t=1653872976
197,Barotrauma,"5 Jun, 2019",9.99,75,2.49,"['win', 'mac', 'linux']",92,20904,https://cdn.cloudflare.steamstatic.com/steam/apps/602960/capsule_sm_120.jpg?t=1651768316
198,EVE Online,"15 Dec, 2010",Free To Play,0,Free To Play,"['win', 'mac']",74,27238,https://cdn.cloudflare.steamstatic.com/steam/apps/8500/capsule_sm_120.jpg?t=1654257926
199,Shakes and Fidget,"24 Feb, 2016",Free to Play,0,Free to Play,"['win', 'mac']",93,25873,https://cdn.cloudflare.steamstatic.com/steam/apps/438040/capsule_sm_120.jpg?t=1653658818
200,STAR WARS Jedi: Fallen Order™,"14 Nov, 2019",39.99,0,39.99,['win'],90,78174,https://cdn.cloudflare.steamstatic.com/steam/apps/1172380/capsule_sm_120.jpg?t=1651767465
201,Deliver Us The Moon,"10 Oct, 2019",12.49,60,4.99,['win'],88,3668,https://cdn.cloudflare.steamstatic.com/steam/apps/428660/capsule_sm_120.jpg?t=1654102237
202,Borderlands 3,"13 Mar, 2020",29.99,0,29.99,['win'],84,79061,https://cdn.cloudflare.steamstatic.com/steam/apps/397540/capsule_sm_120.jpg?t=1646090246
203,Far Cry® New Dawn,"15 Feb, 2019",24.75,75,6.18,['win'],76,20557,https://cdn.cloudflare.steamstatic.com/steam/apps/939960/capsule_sm_120.jpg?t=1646425862
204,The Greatest Penguin Heist of All Time,"2 Jul, 2021",8.49,35,5.51,"['win', 'mac', 'linux']",90,466,https://cdn.cloudflare.steamstatic.com/steam/apps/1451480/capsule_sm_120.jpg?t=1653812956
205,Bulletstorm: Full Clip Edition,"7 Apr, 2017",18.49,90,1.84,['win'],88,4824,https://cdn.cloudflare.steamstatic.com/steam/apps/501590/capsule_sm_120.jpg?t=1648680613
206,METAL SLUG,"25 Jun, 2015",5.59,50,2.79,['win'],90,2120,https://cdn.cloudflare.steamstatic.com/steam/apps/366250/capsule_sm_120.jpg?t=1584641206
207,GROUND BRANCH,"14 Aug, 2018",14.49,0,14.49,['win'],91,6428,https://cdn.cloudflare.steamstatic.com/steam/apps/16900/capsule_sm_120.jpg?t=1653927734
208,Idle Champions of the Forgotten Realms,"25 Mar, 2020",Free to Play,0,Free to Play,"['win', 'mac']",80,10264,https://cdn.cloudflare.steamstatic.com/steam/apps/627690/capsule_sm_120.jpg?t=1654109887
209,Insurgency: Sandstorm,"12 Dec, 2018",22.49,0,22.49,['win'],86,72876,https://cdn.cloudflare.steamstatic.com/steam/apps/581320/capsule_sm_120.jpg?t=1653311307
210,Ultimate Epic Battle Simulator 2,"12 May, 2022",10.49,0,10.49,['win'],89,1192,https://cdn.cloudflare.steamstatic.com/steam/apps/1468720/capsule_sm_120.jpg?t=1652989213
211,Dune: Spice Wars,"26 Apr, 2022",14.49,0,14.49,['win'],82,3585,https://cdn.cloudflare.steamstatic.com/steam/apps/1605220/capsule_sm_120.jpg?t=1651074102
212,Hades,"17 Sep, 2020",12.49,0,12.49,"['win', 'mac']",98,173982,https://cdn.cloudflare.steamstatic.com/steam/apps/1145360/capsule_sm_120.jpg?t=1624463563
213,Conan Exiles,"8 May, 2018",22.99,0,22.99,['win'],78,53840,https://cdn.cloudflare.steamstatic.com/steam/apps/440900/capsule_sm_120.jpg?t=1653446147
214,METAL GEAR RISING: REVENGEANCE,"9 Jan, 2014",17.99,0,17.99,['win'],94,29220,https://cdn.cloudflare.steamstatic.com/steam/apps/235460/capsule_sm_120.jpg?t=1581382081
215,Star Trek Online,"31 Jan, 2012",Free to Play,0,Free to Play,['win'],78,16437,https://cdn.cloudflare.steamstatic.com/steam/apps/9900/capsule_sm_120.jpg?t=1645742602
216,The Planet Crafter,"24 Mar, 2022",10.49,0,10.49,['win'],96,9363,https://cdn.cloudflare.steamstatic.com/steam/apps/1284190/capsule_sm_120.jpg?t=1653162258
217,Subnautica,"23 Jan, 2018",14.49,0,14.49,"['win', 'mac']",96,177644,https://cdn.cloudflare.steamstatic.com/steam/apps/264710/capsule_sm_120.jpg?t=1652393192
218,Action Taimanin,"5 Oct, 2020",Free To Play,0,Free To Play,['win'],85,12642,https://cdn.cloudflare.steamstatic.com/steam/apps/1335200/capsule_sm_120.jpg?t=1635214778
219,DEVOUR,"28 Jan, 2021",3.29,0,3.29,"['win', 'mac']",92,32238,https://cdn.cloudflare.steamstatic.com/steam/apps/1274570/capsule_sm_120.jpg?t=1652441817
220,SUCCUBUS,"5 Oct, 2021",12.49,23,9.61,['win'],84,2604,https://cdn.cloudflare.steamstatic.com/steam/apps/985830/capsule_sm_120.jpg?t=1654187313
221,Space Engineers,"28 Feb, 2019",19.99,0,19.99,['win'],89,80321,https://cdn.cloudflare.steamstatic.com/steam/apps/244850/capsule_sm_120.jpg?t=1651568388
222,INMOST,"21 Aug, 2020",8.49,50,4.24,"['win', 'mac']",91,2599,https://cdn.cloudflare.steamstatic.com/steam/apps/938560/capsule_sm_120.jpg?t=1633963313
223,The Elder Scrolls V: Skyrim Anniversary Edition,"10 Nov, 2021",30.99,0,30.99,['win'],93,105969,https://cdn.cloudflare.steamstatic.com/steam/subs/626153/capsule_sm_120.jpg?t=1636655194
224,Unpacking,"1 Nov, 2021",10.49,0,10.49,"['win', 'mac', 'linux']",92,10881,https://cdn.cloudflare.steamstatic.com/steam/apps/1135690/capsule_sm_120.jpg?t=1645702509
225,Escape Simulator,"19 Oct, 2021",8.49,0,8.49,"['win', 'mac', 'linux']",94,5561,https://cdn.cloudflare.steamstatic.com/steam/apps/1435790/capsule_sm_120.jpg?t=1652794559
226,King Arthur: Knight's Tale,"26 Apr, 2022",20.49,0,20.49,['win'],82,2347,https://cdn.cloudflare.steamstatic.com/steam/apps/1157390/capsule_sm_120.jpg?t=1652433441
227,Battlefleet Gothic: Armada 2,"24 Jan, 2019",14.99,70,4.49,['win'],79,6226,https://cdn.cloudflare.steamstatic.com/steam/apps/573100/capsule_sm_120.jpg?t=1654104529
228,DARK SOULS™ III,"11 Apr, 2016",49.99,0,49.99,['win'],93,213009,https://cdn.cloudflare.steamstatic.com/steam/apps/374320/capsule_sm_120.jpg?t=1653584490
229,Albion Online,"16 May, 2018",Free to Play,0,Free to Play,"['win', 'mac', 'linux']",79,47847,https://cdn.cloudflare.steamstatic.com/steam/apps/761890/capsule_sm_120.jpg?t=1646060391
230,Gunfire Reborn,"17 Nov, 2021",10.49,0,10.49,['win'],94,62854,https://cdn.cloudflare.steamstatic.com/steam/apps/1217060/capsule_sm_120.jpg?t=1645777339
231,Core Keeper,"8 Mar, 2022",7.49,0,7.49,"['win', 'linux']",89,9794,https://cdn.cloudflare.steamstatic.com/steam/apps/1621690/capsule_sm_120_alt_assets_2.jpg?t=1653646862
232,Overcooked! 2,"7 Aug, 2018",12.49,0,12.49,"['win', 'mac', 'linux']",90,28245,https://cdn.cloudflare.steamstatic.com/steam/apps/728880/capsule_sm_120.jpg?t=1643298085
233,Pavlov VR,"27 Feb, 2017",12.49,0,12.49,['win'],94,29845,https://cdn.cloudflare.steamstatic.com/steam/apps/555160/capsule_sm_120.jpg?t=1650560876
234,The Witcher® 3: Wild Hunt,"18 May, 2015",19.99,0,19.99,['win'],97,555999,https://cdn.cloudflare.steamstatic.com/steam/apps/292030/capsule_sm_120.jpg?t=1646996408
235,TUNIC,"16 Mar, 2022",14.49,0,14.49,"['win', 'mac']",92,3369,https://cdn.cloudflare.steamstatic.com/steam/apps/553420/capsule_sm_120.jpg?t=1649107473
236,Resident Evil 5,"15 Sep, 2009",21.99,75,5.49,['win'],87,20296,https://cdn.cloudflare.steamstatic.com/steam/apps/21690/capsule_sm_120.jpg?t=1650849291
237,SCUM,"29 Aug, 2018",16.49,0,16.49,['win'],75,60057,https://cdn.cloudflare.steamstatic.com/steam/apps/513710/capsule_sm_120.jpg?t=1649748871
238,Outward Definitive Edition,"17 May, 2022",19.99,0,19.99,['win'],74,15358,https://cdn.cloudflare.steamstatic.com/steam/apps/794260/capsule_sm_120.jpg?t=1653933933
239,Fishing Planet,"28 Aug, 2017",Free to Play,0,Free to Play,"['win', 'mac', 'linux']",84,35188,https://cdn.cloudflare.steamstatic.com/steam/apps/380600/capsule_sm_120.jpg?t=1653293513
240,FOREWARNED,"10 Sep, 2021",7.49,25,5.61,['win'],91,2071,https://cdn.cloudflare.steamstatic.com/steam/apps/1562420/capsule_sm_120.jpg?t=1654189696
241,DiRT Rally 2.0,"25 Feb, 2019",12.49,70,3.74,['win'],86,20514,https://cdn.cloudflare.steamstatic.com/steam/apps/690790/capsule_sm_120.jpg?t=1626343640
242,Conqueror's Blade,"30 May, 2019",Free To Play,0,Free To Play,['win'],75,24675,https://cdn.cloudflare.steamstatic.com/steam/apps/905370/capsule_sm_120.jpg?t=1653386828
243,Little Witch in the Woods,"16 May, 2022",8.99,0,8.99,"['win', 'mac']",91,2770,https://cdn.cloudflare.steamstatic.com/steam/apps/1594940/capsule_sm_120.jpg?t=1653543327
244,Cuphead,"29 Sep, 2017",12.59,0,12.59,"['win', 'mac']",96,88331,https://cdn.cloudflare.steamstatic.com/steam/apps/268910/capsule_sm_120.jpg?t=1589281999
245,Car Mechanic Simulator 2021,"11 Aug, 2021",12.49,0,12.49,['win'],95,12923,https://cdn.cloudflare.steamstatic.com/steam/apps/1190000/capsule_sm_120.jpg?t=1654233297
246,Blade and Sorcery,"11 Dec, 2018",10.49,0,10.49,['win'],96,29573,https://cdn.cloudflare.steamstatic.com/steam/apps/629730/capsule_sm_120.jpg?t=1635526484
247,Back 4 Blood,"12 Oct, 2021",26.99,0,26.99,['win'],64,28297,https://cdn.cloudflare.steamstatic.com/steam/apps/924970/capsule_sm_120.jpg?t=1649358821
248,Call of Duty®: Black Ops,"9 Nov, 2010",19.99,0,19.99,['win'],90,11784,https://cdn.cloudflare.steamstatic.com/steam/apps/42700/capsule_sm_120.jpg?t=1646763435
249,Yu-Gi-Oh! Duel Links,"16 Nov, 2017",Free to Play,0,Free to Play,['win'],83,36985,https://cdn.cloudflare.steamstatic.com/steam/apps/601510/capsule_sm_120.jpg?t=1648110067
250,S.T.A.L.K.E.R.: Shadow of Chernobyl,"20 Mar, 2007",14.99,70,4.49,['win'],94,22929,https://cdn.cloudflare.steamstatic.com/steam/apps/4500/capsule_sm_120.jpg?t=1624531877
